<?xml version="1.0" encoding="UTF-8" ?>
<extension version="2.5" type="plugin" group="vmpayment" method="upgrade" >
    <name>VM Payment - CLICK Uzbekistan</name>
    <creationDate>October 2021</creationDate>
    <author>CLICK LLC</author>
    <authorUrl>https://click.uz/</authorUrl>
    <copyright>Copyright (C) CLICK Development Team. All rights reserved.</copyright>
    <license>http://www.gnu.org/licenses/gpl-3.0.html GNU/GPL</license>
    <version>1.0.0</version>
    <description><![CDATA[]]></description>
    <files>
        <filename plugin="click_uz">click_uz.php</filename>
        <folder>language</folder>
    </files>
    <params  addpath="/administrator/components/com_virtuemart/elements">
        <param type="text" name="click_uz_merchant_id"  size="50" label="VMPAYMENT_CLICKUZ_MERCHANT_ID" default="" description="VMPAYMENT_CLICKUZ_MERCHANT_ID_DESC" />
        <param type="text" name="click_uz_merchant_user_id"  size="50" label="VMPAYMENT_CLICKUZ_MERCHANT_USER_ID" default="" description="VMPAYMENT_CLICKUZ_MERCHANT_USER_ID_DESC" />
        <param type="text" name="click_uz_service_id"  size="50" label="VMPAYMENT_CLICKUZ_SERVICE_ID" default="" description="VMPAYMENT_CLICKUZ_SERVICE_ID_DESC" />
        <param type="text" name="click_uz_secret_key"  size="50" label="VMPAYMENT_CLICKUZ_SECRET_KEY" default="" description="VMPAYMENT_CLICKUZ_SECRET_KEY_DESC" />
        <param type="vmacceptedcurrency" name="payment_currency" default="" label="VMPAYMENT_CLICKUZ_CURRENCY" description="VMPAYMENT_CLICK_UZ_CURRENCY_DESC" />
    </params>
    <vmconfig>
        <fields name="params">
            <fieldset name="payment" addfieldpath="/administrator/components/com_virtuemart/fields">
                <field type="vmtitle" description="" default="VMPAYMENT_CLICKUZ_PAYMENT_TITLE" />
                <field type="text" name="click_uz_merchant_id"  size="50" label="VMPAYMENT_CLICKUZ_MERCHANT_ID" default="" description="VMPAYMENT_CLICKUZ_MERCHANT_ID_DESC" />
                <field type="text" name="click_uz_merchant_user_id"  size="50" label="VMPAYMENT_CLICKUZ_MERCHANT_USER_ID" default="" description="VMPAYMENT_CLICKUZ_MERCHANT_USER_ID_DESC" />
                <field type="text" name="click_uz_service_id"  size="50" label="VMPAYMENT_CLICKUZ_SERVICE_ID" default="" description="VMPAYMENT_CLICKUZ_SERVICE_ID_DESC" />
                <field type="text" name="click_uz_secret_key"  size="50" label="VMPAYMENT_CLICKUZ_SECRET_KEY" default="" description="VMPAYMENT_CLICKUZ_SECRET_KEY_DESC" />
                <field type="vmacceptedcurrency" name="payment_currency" default="" label="VMPAYMENT_CLICKUZ_CURRENCY" description="VMPAYMENT_CLICK_UZ_CURRENCY_DESC" />
            </fieldset>
        </fields>
    </vmconfig>
</extension>
